termino,principio_activo,tipo
acetaminofen,ACETAMINOFEN,generico
dolex,ACETAMINOFEN,marca
ibuprofeno,IBUPROFENO,generico
advil,IBUPROFENO,marca
naproxeno,NAPROXENO,generico
diclofenaco,DICLOFENACO,generico
voltaren,DICLOFENACO,marca
acido acetilsalicilico,ACIDO ACETILSALICILICO,generico
aspirina,ACIDO ACETILSALICILICO,marca
losartan,LOSARTAN,generico
cozaar,LOSARTAN,marca
enalapril,ENALAPRIL,generico
amlodipino,AMLODIPINO,generico
norvasc,AMLODIPINO,marca
hidroclorotiazida,HIDROCLOROTIAZIDA,generico
metformina,METFORMINA,generico
glucophage,METFORMINA,marca
atorvastatina,ATORVASTATINA,generico
lipitor,ATORVASTATINA,marca
rosuvastatina,ROSUVASTATINA,generico
crestor,ROSUVASTATINA,marca
omeprazol,OMEPRAZOL,generico
losec,OMEPRAZOL,marca
esomeprazol,ESOMEPRAZOL,generico
nexium,ESOMEPRAZOL,marca
loratadina,LORATADINA,generico
clarityne,LORATADINA,marca
cetirizina,CETIRIZINA,generico
desloratadina,DESLORATADINA,generico
montelukast,MONTELUKAST,generico
singulair,MONTELUKAST,marca
levotiroxina,LEVOTIROXINA,generico
eutirox,LEVOTIROXINA,marca
sertralina,SERTRALINA,generico
fluoxetina,FLUOXETINA,generico
sildenafil,SILDENAFIL,generico
viagra,SILDENAFIL,marca
amoxicilina,AMOXICILINA,generico
azitromicina,AZITROMICINA,generico
loperamida,LOPERAMIDA,generico
